comparison_id,matched_site_id,comparison_group,lat,lon,city,prefecture,country,place_type,sampling_method,sampling_seed,is_anime_site,notes
CMP_A_S_27364_0000_00,S_27364_0000,same_city_random,36.114956339046216,137.44982082182804,高山市,岐阜県,Japan,random,random_in_polygon,42,0,
CMP_A_S_27364_0000_01,S_27364_0000,same_city_random,36.24303973997512,137.52592122801937,高山市,岐阜県,Japan,random,random_in_polygon,42,0,
CMP_A_S_27364_0000_02,S_27364_0000,same_city_random,36.28698936571487,137.4382978112434,高山市,岐阜県,Japan,random,random_in_polygon,42,0,
CMP_A_S_27364_0001_00,S_27364_0001,same_city_random,36.21048313141578,137.4980794275333,高山市,岐阜県,Japan,random,random_in_polygon,42,0,
CMP_A_S_27364_0001_01,S_27364_0001,same_city_random,36.07315909889012,137.43555383197014,高山市,岐阜県,Japan,random,random_in_polygon,42,0,
CMP_A_S_27364_0001_02,S_27364_0001,same_city_random,36.340036767463,137.62670897465912,高山市,岐阜県,Japan,random,random_in_polygon,42,0,
CMP_A_S_27364_0002_00,S_27364_0002,same_city_random,35.993933842211604,137.45380148323355,高山市,岐阜県,Japan,random,random_in_polygon,42,0,
CMP_A_S_27364_0002_01,S_27364_0002,same_city_random,36.08105437755822,137.04691234377233,高山市,岐阜県,Japan,random,random_in_polygon,42,0,
CMP_A_S_27364_0002_02,S_27364_0002,same_city_random,36.05226885737129,137.3835662497639,高山市,岐阜県,Japan,random,random_in_polygon,42,0,
CMP_A_S_27364_0003_00,S_27364_0003,same_city_random,36.296255372490165,137.502240968057,高山市,岐阜県,Japan,random,random_in_polygon,42,0,
CMP_A_S_27364_0003_01,S_27364_0003,same_city_random,36.04035759379416,137.1023437733671,高山市,岐阜県,Japan,random,random_in_polygon,42,0,
CMP_A_S_27364_0003_02,S_27364_0003,same_city_random,36.22692725339735,137.46148047779525,高山市,岐阜県,Japan,random,random_in_polygon,42,0,
CMP_A_S_27364_0004_00,S_27364_0004,same_city_random,36.2843456999746,137.387972024773,高山市,岐阜県,Japan,random,random_in_polygon,42,0,
CMP_A_S_27364_0004_01,S_27364_0004,same_city_random,36.17930424378303,137.16657220788144,高山市,岐阜県,Japan,random,random_in_polygon,42,0,
CMP_A_S_27364_0004_02,S_27364_0004,same_city_random,36.13092046781736,137.3549194137073,高山市,岐阜県,Japan,random,random_in_polygon,42,0,
CMP_A_S_27364_0005_00,S_27364_0005,same_city_random,36.17179146808184,137.32463399017436,高山市,岐阜県,Japan,random,random_in_polygon,42,0,
CMP_A_S_27364_0005_01,S_27364_0005,same_city_random,36.04809840124071,137.2567428885331,高山市,岐阜県,Japan,random,random_in_polygon,42,0,
CMP_A_S_27364_0005_02,S_27364_0005,same_city_random,36.09991780266606,136.94689728973128,高山市,岐阜県,Japan,random,random_in_polygon,42,0,
CMP_A_S_27364_0006_00,S_27364_0006,same_city_random,36.01340765282268,137.52125060893545,高山市,岐阜県,Japan,random,random_in_polygon,42,0,
CMP_A_S_27364_0006_01,S_27364_0006,same_city_random,36.03691668818414,136.80638623711698,高山市,岐阜県,Japan,random,random_in_polygon,42,0,
CMP_A_S_27364_0006_02,S_27364_0006,same_city_random,36.09885653455159,137.3512426680323,高山市,岐阜県,Japan,random,random_in_polygon,42,0,
CMP_A_S_27364_0007_00,S_27364_0007,same_city_random,35.980225250624706,137.48584214558824,高山市,岐阜県,Japan,random,random_in_polygon,42,0,
CMP_A_S_27364_0007_01,S_27364_0007,same_city_random,36.12635240073017,137.4034309014497,高山市,岐阜県,Japan,random,random_in_polygon,42,0,
CMP_A_S_27364_0007_02,S_27364_0007,same_city_random,36.08628768467939,137.15510030733702,高山市,岐阜県,Japan,random,random_in_polygon,42,0,
CMP_A_S_27364_0008_00,S_27364_0008,same_city_random,35.94092014857056,137.0792680145846,高山市,岐阜県,Japan,random,random_in_polygon,42,0,
CMP_A_S_27364_0008_01,S_27364_0008,same_city_random,36.24419878275316,137.57086008746623,高山市,岐阜県,Japan,random,random_in_polygon,42,0,
CMP_A_S_27364_0008_02,S_27364_0008,same_city_random,36.252713106959604,137.45413181399388,高山市,岐阜県,Japan,random,random_in_polygon,42,0,
CMP_A_S_27364_0009_00,S_27364_0009,same_city_random,36.03238659958521,137.15798208487794,高山市,岐阜県,Japan,random,random_in_polygon,42,0,
CMP_A_S_27364_0009_01,S_27364_0009,same_city_random,36.18449635094769,137.02904862333773,高山市,岐阜県,Japan,random,random_in_polygon,42,0,
CMP_A_S_27364_0009_02,S_27364_0009,same_city_random,36.25398793091438,137.43594204852096,高山市,岐阜県,Japan,random,random_in_polygon,42,0,
CMP_A_S_27364_0010_00,S_27364_0010,same_city_random,36.21949253999662,137.27912189057585,高山市,岐阜県,Japan,random,random_in_polygon,42,0,
CMP_A_S_27364_0010_01,S_27364_0010,same_city_random,35.969101747252445,137.05054092781265,高山市,岐阜県,Japan,random,random_in_polygon,42,0,
CMP_A_S_27364_0010_02,S_27364_0010,same_city_random,36.06936541623564,137.2763915169098,高山市,岐阜県,Japan,random,random_in_polygon,42,0,
CMP_A_S_27364_0011_00,S_27364_0011,same_city_random,35.93848229407157,137.45771406726277,高山市,岐阜県,Japan,random,random_in_polygon,42,0,
CMP_A_S_27364_0011_01,S_27364_0011,same_city_random,36.14063775065162,137.1915151786983,高山市,岐阜県,Japan,random,random_in_polygon,42,0,
CMP_A_S_27364_0011_02,S_27364_0011,same_city_random,36.15548582013146,137.05207637511373,高山市,岐阜県,Japan,random,random_in_polygon,42,0,
CMP_A_S_27364_0012_00,S_27364_0012,same_city_random,36.341542935572,137.49687532724812,高山市,岐阜県,Japan,random,random_in_polygon,42,0,
CMP_A_S_27364_0012_01,S_27364_0012,same_city_random,36.27835921277764,137.40759840677535,高山市,岐阜県,Japan,random,random_in_polygon,42,0,
CMP_A_S_27364_0012_02,S_27364_0012,same_city_random,36.08128358810983,137.25282764214776,高山市,岐阜県,Japan,random,random_in_polygon,42,0,
CMP_A_S_27364_0013_00,S_27364_0013,same_city_random,36.29798326216817,137.5000201707837,高山市,岐阜県,Japan,random,random_in_polygon,42,0,
CMP_A_S_27364_0013_01,S_27364_0013,same_city_random,36.152703412934216,137.0155274463399,高山市,岐阜県,Japan,random,random_in_polygon,42,0,
CMP_A_S_27364_0013_02,S_27364_0013,same_city_random,36.268429513897054,137.55566243828534,高山市,岐阜県,Japan,random,random_in_polygon,42,0,
CMP_A_S_27364_0014_00,S_27364_0014,same_city_random,36.34019806409677,137.55486694824648,高山市,岐阜県,Japan,random,random_in_polygon,42,0,
CMP_A_S_27364_0014_01,S_27364_0014,same_city_random,36.054034056685516,137.22046580666478,高山市,岐阜県,Japan,random,random_in_polygon,42,0,
CMP_A_S_27364_0014_02,S_27364_0014,same_city_random,36.225346787528466,137.44807334154936,高山市,岐阜県,Japan,random,random_in_polygon,42,0,
CMP_A_S_27364_0015_00,S_27364_0015,same_city_random,35.94429789529116,137.08991780647986,高山市,岐阜県,Japan,random,random_in_polygon,42,0,
CMP_A_S_27364_0015_01,S_27364_0015,same_city_random,36.02754002286339,137.42539583129897,高山市,岐阜県,Japan,random,random_in_polygon,42,0,
CMP_A_S_27364_0015_02,S_27364_0015,same_city_random,36.05125655218771,136.93057885429332,高山市,岐阜県,Japan,random,random_in_polygon,42,0,
CMP_A_S_27364_0016_00,S_27364_0016,same_city_random,36.18543634768522,137.37816933047486,高山市,岐阜県,Japan,random,random_in_polygon,42,0,
CMP_A_S_27364_0016_01,S_27364_0016,same_city_random,36.26366074682817,137.39718024994488,高山市,岐阜県,Japan,random,random_in_polygon,42,0,
CMP_A_S_27364_0016_02,S_27364_0016,same_city_random,36.13958581456,137.02454605644724,高山市,岐阜県,Japan,random,random_in_polygon,42,0,
CMP_A_S_27364_0017_00,S_27364_0017,same_city_random,36.296055464212635,137.59283604923885,高山市,岐阜県,Japan,random,random_in_polygon,42,0,
CMP_A_S_27364_0017_01,S_27364_0017,same_city_random,36.29231744498473,137.49969548506908,高山市,岐阜県,Japan,random,random_in_polygon,42,0,
CMP_A_S_27364_0017_02,S_27364_0017,same_city_random,36.16048904752896,136.96313126677236,高山市,岐阜県,Japan,random,random_in_polygon,42,0,
CMP_A_S_27364_0018_00,S_27364_0018,same_city_random,36.10192110057609,137.2962128047702,高山市,岐阜県,Japan,random,random_in_polygon,42,0,
CMP_A_S_27364_0018_01,S_27364_0018,same_city_random,36.10851655497268,137.09039100903482,高山市,岐阜県,Japan,random,random_in_polygon,42,0,
CMP_A_S_27364_0018_02,S_27364_0018,same_city_random,35.949655025514275,137.4881333598005,高山市,岐阜県,Japan,random,random_in_polygon,42,0,
CMP_A_S_27364_0019_00,S_27364_0019,same_city_random,35.96877854989073,137.03298487097436,高山市,岐阜県,Japan,random,random_in_polygon,42,0,
CMP_A_S_27364_0019_01,S_27364_0019,same_city_random,35.97360551261143,137.00995512466895,高山市,岐阜県,Japan,random,random_in_polygon,42,0,
CMP_A_S_27364_0019_02,S_27364_0019,same_city_random,36.09253564677347,137.3659885817566,高山市,岐阜県,Japan,random,random_in_polygon,42,0,
CMP_A_S_27364_0020_00,S_27364_0020,same_city_random,36.14748528212817,137.03986866138533,高山市,岐阜県,Japan,random,random_in_polygon,42,0,
CMP_A_S_27364_0020_01,S_27364_0020,same_city_random,36.31923067901179,137.54067256849888,高山市,岐阜県,Japan,random,random_in_polygon,42,0,
CMP_A_S_27364_0020_02,S_27364_0020,same_city_random,36.02106228953789,136.96682123592663,高山市,岐阜県,Japan,random,random_in_polygon,42,0,
CMP_A_S_27364_0021_00,S_27364_0021,same_city_random,36.10374994577291,137.26755485115746,高山市,岐阜県,Japan,random,random_in_polygon,42,0,
CMP_A_S_27364_0021_01,S_27364_0021,same_city_random,36.082617420905684,136.79825073892334,高山市,岐阜県,Japan,random,random_in_polygon,42,0,
CMP_A_S_27364_0021_02,S_27364_0021,same_city_random,36.34475995138814,137.51241427250716,高山市,岐阜県,Japan,random,random_in_polygon,42,0,
CMP_A_S_27364_0022_00,S_27364_0022,same_city_random,36.29489843785672,137.63468626449657,高山市,岐阜県,Japan,random,random_in_polygon,42,0,
CMP_A_S_27364_0022_01,S_27364_0022,same_city_random,36.21584396063872,137.45478512369948,高山市,岐阜県,Japan,random,random_in_polygon,42,0,
CMP_A_S_27364_0022_02,S_27364_0022,same_city_random,35.96416056113417,137.45435249544857,高山市,岐阜県,Japan,random,random_in_polygon,42,0,
CMP_A_S_27364_0023_00,S_27364_0023,same_city_random,36.15229003173944,137.23593880223603,高山市,岐阜県,Japan,random,random_in_polygon,42,0,
CMP_A_S_27364_0023_01,S_27364_0023,same_city_random,36.126809325247144,137.5249989663427,高山市,岐阜県,Japan,random,random_in_polygon,42,0,
CMP_A_S_27364_0023_02,S_27364_0023,same_city_random,36.214397077840886,137.10019595978036,高山市,岐阜県,Japan,random,random_in_polygon,42,0,
CMP_A_S_27364_0024_00,S_27364_0024,same_city_random,35.96674522600656,136.99354070474186,高山市,岐阜県,Japan,random,random_in_polygon,42,0,
CMP_A_S_27364_0024_01,S_27364_0024,same_city_random,36.10406060036434,137.18362024467018,高山市,岐阜県,Japan,random,random_in_polygon,42,0,
CMP_A_S_27364_0024_02,S_27364_0024,same_city_random,36.07959367449472,136.96306761012028,高山市,岐阜県,Japan,random,random_in_polygon,42,0,
CMP_A_S_27364_0025_00,S_27364_0025,same_city_random,36.059765344635366,137.08338568853694,高山市,岐阜県,Japan,random,random_in_polygon,42,0,
CMP_A_S_27364_0025_01,S_27364_0025,same_city_random,36.162800686404296,137.04919229072405,高山市,岐阜県,Japan,random,random_in_polygon,42,0,
CMP_A_S_27364_0025_02,S_27364_0025,same_city_random,36.22085059535891,137.51689670417,高山市,岐阜県,Japan,random,random_in_polygon,42,0,
CMP_A_S_27364_0026_00,S_27364_0026,same_city_random,36.16145661684651,137.47718523541346,高山市,岐阜県,Japan,random,random_in_polygon,42,0,
CMP_A_S_27364_0026_01,S_27364_0026,same_city_random,36.04027212391671,137.32301501254534,高山市,岐阜県,Japan,random,random_in_polygon,42,0,
CMP_A_S_27364_0026_02,S_27364_0026,same_city_random,35.997781892725946,137.41469988862207,高山市,岐阜県,Japan,random,random_in_polygon,42,0,
CMP_A_S_27364_0027_00,S_27364_0027,same_city_random,36.323981323388956,137.37865096524504,高山市,岐阜県,Japan,random,random_in_polygon,42,0,
CMP_A_S_27364_0027_01,S_27364_0027,same_city_random,36.19166258898711,137.47403155122382,高山市,岐阜県,Japan,random,random_in_polygon,42,0,
CMP_A_S_27364_0027_02,S_27364_0027,same_city_random,36.29147396851999,137.45761415835906,高山市,岐阜県,Japan,random,random_in_polygon,42,0,
CMP_A_S_27364_0028_00,S_27364_0028,same_city_random,36.18113232671737,137.26190675041693,高山市,岐阜県,Japan,random,random_in_polygon,42,0,
CMP_A_S_27364_0028_01,S_27364_0028,same_city_random,36.15645670318918,137.17292819323842,高山市,岐阜県,Japan,random,random_in_polygon,42,0,
CMP_A_S_27364_0028_02,S_27364_0028,same_city_random,36.29352035174474,137.44080058895085,高山市,岐阜県,Japan,random,random_in_polygon,42,0,
CMP_A_S_27364_0029_00,S_27364_0029,same_city_random,36.19459174742855,137.19645555813207,高山市,岐阜県,Japan,random,random_in_polygon,42,0,
CMP_A_S_27364_0029_01,S_27364_0029,same_city_random,36.10491234329974,137.34544332735723,高山市,岐阜県,Japan,random,random_in_polygon,42,0,
CMP_A_S_27364_0029_02,S_27364_0029,same_city_random,36.2300888639143,137.4501493190747,高山市,岐阜県,Japan,random,random_in_polygon,42,0,
CMP_A_S_10440_0030_00,S_10440_0030,same_city_random,35.91722487521339,139.06581268071218,秩父市,埼玉県,Japan,random,random_in_polygon,42,0,
CMP_A_S_10440_0030_01,S_10440_0030,same_city_random,35.929793544469085,138.88064865334914,秩父市,埼玉県,Japan,random,random_in_polygon,42,0,
CMP_A_S_10440_0030_02,S_10440_0030,same_city_random,36.10776723234826,138.9684107434591,秩父市,埼玉県,Japan,random,random_in_polygon,42,0,
CMP_A_S_10440_0031_00,S_10440_0031,same_city_random,35.977007837500196,139.07407256612734,秩父市,埼玉県,Japan,random,random_in_polygon,42,0,
CMP_A_S_10440_0031_01,S_10440_0031,same_city_random,36.03618739478092,138.98480326044768,秩父市,埼玉県,Japan,random,random_in_polygon,42,0,
CMP_A_S_10440_0031_02,S_10440_0031,same_city_random,35.96983633034566,138.71707676820577,秩父市,埼玉県,Japan,random,random_in_polygon,42,0,
CMP_A_S_10440_0032_00,S_10440_0032,same_city_random,35.924331250969836,139.09503588338498,秩父市,埼玉県,Japan,random,random_in_polygon,42,0,
CMP_A_S_10440_0032_01,S_10440_0032,same_city_random,35.96639999976725,138.92450903179514,秩父市,埼玉県,Japan,random,random_in_polygon,42,0,
CMP_A_S_10440_0032_02,S_10440_0032,same_city_random,36.02588989812901,139.02079422704702,秩父市,埼玉県,Japan,random,random_in_polygon,42,0,
CMP_A_S_10440_0033_00,S_10440_0033,same_city_random,36.06921871710564,138.99301565365258,秩父市,埼玉県,Japan,random,random_in_polygon,42,0,
CMP_A_S_10440_0033_01,S_10440_0033,same_city_random,35.984210783843956,138.76942739816474,秩父市,埼玉県,Japan,random,random_in_polygon,42,0,
CMP_A_S_10440_0033_02,S_10440_0033,same_city_random,36.02013211273978,139.05775050438425,秩父市,埼玉県,Japan,random,random_in_polygon,42,0,
CMP_A_S_10440_0034_00,S_10440_0034,same_city_random,35.88421173021832,139.10699692928225,秩父市,埼玉県,Japan,random,random_in_polygon,42,0,
CMP_A_S_10440_0034_01,S_10440_0034,same_city_random,35.89504087176615,139.05283853375406,秩父市,埼玉県,Japan,random,random_in_polygon,42,0,
CMP_A_S_10440_0034_02,S_10440_0034,same_city_random,35.889340204718664,139.04119766046787,秩父市,埼玉県,Japan,random,random_in_polygon,42,0,
CMP_A_S_10440_0035_00,S_10440_0035,same_city_random,36.02196323425019,139.07582940394607,秩父市,埼玉県,Japan,random,random_in_polygon,42,0,
CMP_A_S_10440_0035_01,S_10440_0035,same_city_random,36.04010343979195,138.98004294457877,秩父市,埼玉県,Japan,random,random_in_polygon,42,0,
CMP_A_S_10440_0035_02,S_10440_0035,same_city_random,35.98530483342356,138.78035823163543,秩父市,埼玉県,Japan,random,random_in_polygon,42,0,
CMP_A_S_10440_0036_00,S_10440_0036,same_city_random,35.92700660409585,138.84061835862542,秩父市,埼玉県,Japan,random,random_in_polygon,42,0,
CMP_A_S_10440_0036_01,S_10440_0036,same_city_random,35.95766785827902,139.00635836431158,秩父市,埼玉県,Japan,random,random_in_polygon,42,0,
CMP_A_S_10440_0036_02,S_10440_0036,same_city_random,35.90207938776042,138.90137633180373,秩父市,埼玉県,Japan,random,random_in_polygon,42,0,
CMP_A_S_10440_0037_00,S_10440_0037,same_city_random,35.93053811145824,138.98482568820418,秩父市,埼玉県,Japan,random,random_in_polygon,42,0,
CMP_A_S_10440_0037_01,S_10440_0037,same_city_random,35.95955412960076,138.72812001730566,秩父市,埼玉県,Japan,random,random_in_polygon,42,0,
CMP_A_S_10440_0037_02,S_10440_0037,same_city_random,35.9043593350251,138.93175335855622,秩父市,埼玉県,Japan,random,random_in_polygon,42,0,
CMP_A_S_10440_0038_00,S_10440_0038,same_city_random,36.02526682323065,139.03767599186517,秩父市,埼玉県,Japan,random,random_in_polygon,42,0,
CMP_A_S_10440_0038_01,S_10440_0038,same_city_random,35.93030143551418,139.01463432956018,秩父市,埼玉県,Japan,random,random_in_polygon,42,0,
CMP_A_S_10440_0038_02,S_10440_0038,same_city_random,35.99698223320645,139.07738720663573,秩父市,埼玉県,Japan,random,random_in_polygon,42,0,
CMP_A_S_10440_0039_00,S_10440_0039,same_city_random,36.06875742256712,138.95320216406088,秩父市,埼玉県,Japan,random,random_in_polygon,42,0,
CMP_A_S_10440_0039_01,S_10440_0039,same_city_random,35.87294523496142,138.9410543088255,秩父市,埼玉県,Japan,random,random_in_polygon,42,0,
CMP_A_S_10440_0039_02,S_10440_0039,same_city_random,35.92010946745512,138.73718813492707,秩父市,埼玉県,Japan,random,random_in_polygon,42,0,
CMP_A_S_10440_0040_00,S_10440_0040,same_city_random,35.88930201602833,138.86667467389668,秩父市,埼玉県,Japan,random,random_in_polygon,42,0,
CMP_A_S_10440_0040_01,S_10440_0040,same_city_random,36.011781223078195,138.78276326638644,秩父市,埼玉県,Japan,random,random_in_polygon,42,0,
CMP_A_S_10440_0040_02,S_10440_0040,same_city_random,35.94424424654426,138.76698647119568,秩父市,埼玉県,Japan,random,random_in_polygon,42,0,
CMP_A_S_10440_0041_00,S_10440_0041,same_city_random,35.928797764868115,139.07026246559238,秩父市,埼玉県,Japan,random,random_in_polygon,42,0,
CMP_A_S_10440_0041_01,S_10440_0041,same_city_random,36.04171525700329,139.03101153378933,秩父市,埼玉県,Japan,random,random_in_polygon,42,0,
CMP_A_S_10440_0041_02,S_10440_0041,same_city_random,35.88665598761924,138.95543952166298,秩父市,埼玉県,Japan,random,random_in_polygon,42,0,
CMP_A_S_10440_0042_00,S_10440_0042,same_city_random,35.99893603458005,139.17114559583445,秩父市,埼玉県,Japan,random,random_in_polygon,42,0,
CMP_A_S_10440_0042_01,S_10440_0042,same_city_random,35.96809800275896,138.7771772912464,秩父市,埼玉県,Japan,random,random_in_polygon,42,0,
CMP_A_S_10440_0042_02,S_10440_0042,same_city_random,35.862694660399825,138.89384110865925,秩父市,埼玉県,Japan,random,random_in_polygon,42,0,
CMP_A_S_10440_0043_00,S_10440_0043,same_city_random,35.963956661884225,139.06246492219174,秩父市,埼玉県,Japan,random,random_in_polygon,42,0,
CMP_A_S_10440_0043_01,S_10440_0043,same_city_random,35.88291206180973,138.92951946276213,秩父市,埼玉県,Japan,random,random_in_polygon,42,0,
CMP_A_S_10440_0043_02,S_10440_0043,same_city_random,35.90643748389947,138.7321126378697,秩父市,埼玉県,Japan,random,random_in_polygon,42,0,
CMP_A_S_10440_0044_00,S_10440_0044,same_city_random,35.98010755634478,138.84711856704408,秩父市,埼玉県,Japan,random,random_in_polygon,42,0,
CMP_A_S_10440_0044_01,S_10440_0044,same_city_random,35.980992825412784,138.98396058777902,秩父市,埼玉県,Japan,random,random_in_polygon,42,0,
CMP_A_S_10440_0044_02,S_10440_0044,same_city_random,35.90953353587206,138.75045808800007,秩父市,埼玉県,Japan,random,random_in_polygon,42,0,
CMP_A_S_10440_0045_00,S_10440_0045,same_city_random,36.02230113473275,139.10349078118463,秩父市,埼玉県,Japan,random,random_in_polygon,42,0,
CMP_A_S_10440_0045_01,S_10440_0045,same_city_random,36.03163768378748,139.01310779531536,秩父市,埼玉県,Japan,random,random_in_polygon,42,0,
CMP_A_S_10440_0045_02,S_10440_0045,same_city_random,36.00785461818316,139.1341533554889,秩父市,埼玉県,Japan,random,random_in_polygon,42,0,
CMP_A_S_10440_0046_00,S_10440_0046,same_city_random,35.95387238696195,138.7601566661574,秩父市,埼玉県,Japan,random,random_in_polygon,42,0,
CMP_A_S_10440_0046_01,S_10440_0046,same_city_random,36.02036696694987,139.13777232637125,秩父市,埼玉県,Japan,random,random_in_polygon,42,0,
CMP_A_S_10440_0046_02,S_10440_0046,same_city_random,35.93678299949258,138.7938699822734,秩父市,埼玉県,Japan,random,random_in_polygon,42,0,
CMP_A_S_10440_0047_00,S_10440_0047,same_city_random,36.021207892674674,139.038155373162,秩父市,埼玉県,Japan,random,random_in_polygon,42,0,
CMP_A_S_10440_0047_01,S_10440_0047,same_city_random,35.96576292796048,139.05181236031814,秩父市,埼玉県,Japan,random,random_in_polygon,42,0,
CMP_A_S_10440_0047_02,S_10440_0047,same_city_random,35.93896930351237,139.0599795977903,秩父市,埼玉県,Japan,random,random_in_polygon,42,0,
CMP_A_S_10440_0048_00,S_10440_0048,same_city_random,35.979965051270085,139.07269740205754,秩父市,埼玉県,Japan,random,random_in_polygon,42,0,
CMP_A_S_10440_0048_01,S_10440_0048,same_city_random,36.06938417398453,138.96955826587873,秩父市,埼玉県,Japan,random,random_in_polygon,42,0,
CMP_A_S_10440_0048_02,S_10440_0048,same_city_random,36.043962995903236,139.02526639312416,秩父市,埼玉県,Japan,random,random_in_polygon,42,0,
CMP_A_S_10440_0049_00,S_10440_0049,same_city_random,36.06904403014941,139.05507458437515,秩父市,埼玉県,Japan,random,random_in_polygon,42,0,
CMP_A_S_10440_0049_01,S_10440_0049,same_city_random,35.906919236795744,138.73411824191052,秩父市,埼玉県,Japan,random,random_in_polygon,42,0,
CMP_A_S_10440_0049_02,S_10440_0049,same_city_random,36.085434016079766,139.00044033907798,秩父市,埼玉県,Japan,random,random_in_polygon,42,0,
CMP_A_S_10440_0050_00,S_10440_0050,same_city_random,35.90781331708422,139.02354982645574,秩父市,埼玉県,Japan,random,random_in_polygon,42,0,
CMP_A_S_10440_0050_01,S_10440_0050,same_city_random,35.95341079503013,138.98576187510028,秩父市,埼玉県,Japan,random,random_in_polygon,42,0,
CMP_A_S_10440_0050_02,S_10440_0050,same_city_random,35.956560297585185,138.849118642219,秩父市,埼玉県,Japan,random,random_in_polygon,42,0,
CMP_A_S_10440_0051_00,S_10440_0051,same_city_random,36.00434724237003,138.774957866058,秩父市,埼玉県,Japan,random,random_in_polygon,42,0,
CMP_A_S_10440_0051_01,S_10440_0051,same_city_random,35.95210226480927,138.9880361415249,秩父市,埼玉県,Japan,random,random_in_polygon,42,0,
CMP_A_S_10440_0051_02,S_10440_0051,same_city_random,35.94437567343294,138.77381698161753,秩父市,埼玉県,Japan,random,random_in_polygon,42,0,
CMP_A_S_10440_0052_00,S_10440_0052,same_city_random,35.969539169728556,138.7195711384912,秩父市,埼玉県,Japan,random,random_in_polygon,42,0,
CMP_A_S_10440_0052_01,S_10440_0052,same_city_random,35.938053127229736,139.00631706221992,秩父市,埼玉県,Japan,random,random_in_polygon,42,0,
CMP_A_S_10440_0052_02,S_10440_0052,same_city_random,35.99460970494425,139.06089978546976,秩父市,埼玉県,Japan,random,random_in_polygon,42,0,
CMP_A_S_10440_0053_00,S_10440_0053,same_city_random,35.93291466825937,138.82064030871368,秩父市,埼玉県,Japan,random,random_in_polygon,42,0,
CMP_A_S_10440_0053_01,S_10440_0053,same_city_random,36.008891157778386,139.0564163332895,秩父市,埼玉県,Japan,random,random_in_polygon,42,0,
CMP_A_S_10440_0053_02,S_10440_0053,same_city_random,35.925483275231976,139.01510202847678,秩父市,埼玉県,Japan,random,random_in_polygon,42,0,
CMP_A_S_10440_0054_00,S_10440_0054,same_city_random,35.932098690728566,138.82355714775446,秩父市,埼玉県,Japan,random,random_in_polygon,42,0,
CMP_A_S_10440_0054_01,S_10440_0054,same_city_random,36.064163857496524,139.0794985998083,秩父市,埼玉県,Japan,random,random_in_polygon,42,0,
CMP_A_S_10440_0054_02,S_10440_0054,same_city_random,35.89279017997225,139.077460471883,秩父市,埼玉県,Japan,random,random_in_polygon,42,0,
CMP_A_S_10440_0055_00,S_10440_0055,same_city_random,35.96372577574976,138.9496958600372,秩父市,埼玉県,Japan,random,random_in_polygon,42,0,
CMP_A_S_10440_0055_01,S_10440_0055,same_city_random,35.94985083758455,138.7632342035766,秩父市,埼玉県,Japan,random,random_in_polygon,42,0,
CMP_A_S_10440_0055_02,S_10440_0055,same_city_random,35.92625284675275,138.80758922150184,秩父市,埼玉県,Japan,random,random_in_polygon,42,0,
CMP_A_S_10440_0056_00,S_10440_0056,same_city_random,35.95904158969292,138.89456303213768,秩父市,埼玉県,Japan,random,random_in_polygon,42,0,
CMP_A_S_10440_0056_01,S_10440_0056,same_city_random,35.963254727261116,138.86619315671,秩父市,埼玉県,Japan,random,random_in_polygon,42,0,
CMP_A_S_10440_0056_02,S_10440_0056,same_city_random,35.93209814504157,138.8323781565726,秩父市,埼玉県,Japan,random,random_in_polygon,42,0,
CMP_A_S_10440_0057_00,S_10440_0057,same_city_random,35.97714920775771,138.82407348691882,秩父市,埼玉県,Japan,random,random_in_polygon,42,0,
CMP_A_S_10440_0057_01,S_10440_0057,same_city_random,35.905120813707185,139.02896313171576,秩父市,埼玉県,Japan,random,random_in_polygon,42,0,
CMP_A_S_10440_0057_02,S_10440_0057,same_city_random,35.97168323843017,138.73393490012316,秩父市,埼玉県,Japan,random,random_in_polygon,42,0,
CMP_A_S_10440_0058_00,S_10440_0058,same_city_random,36.01730876419351,138.76278289107213,秩父市,埼玉県,Japan,random,random_in_polygon,42,0,
CMP_A_S_10440_0058_01,S_10440_0058,same_city_random,36.00272699214956,138.82368118869937,秩父市,埼玉県,Japan,random,random_in_polygon,42,0,
CMP_A_S_10440_0058_02,S_10440_0058,same_city_random,36.08294634314241,138.98570383152963,秩父市,埼玉県,Japan,random,random_in_polygon,42,0,
CMP_A_S_10440_0059_00,S_10440_0059,same_city_random,35.88636748012117,138.9991486970156,秩父市,埼玉県,Japan,random,random_in_polygon,42,0,
CMP_A_S_10440_0059_01,S_10440_0059,same_city_random,35.930926924421286,139.08934617715167,秩父市,埼玉県,Japan,random,random_in_polygon,42,0,
CMP_A_S_10440_0059_02,S_10440_0059,same_city_random,36.01175073851246,139.08286361446523,秩父市,埼玉県,Japan,random,random_in_polygon,42,0,
CMP_A_S_207195_0060_00,S_207195_0060,same_city_random,35.50098151179324,138.38656043249028,山梨县,,Japan,random,random_in_polygon,42,0,
CMP_A_S_207195_0060_01,S_207195_0060,same_city_random,35.23113042487129,138.48321430912836,山梨县,,Japan,random,random_in_polygon,42,0,
CMP_A_S_207195_0060_02,S_207195_0060,same_city_random,35.73721139190552,138.87214684748767,山梨县,,Japan,random,random_in_polygon,42,0,
CMP_A_S_207195_0061_00,S_207195_0061,same_city_random,35.42316107119799,138.88493198872555,山梨县,,Japan,random,random_in_polygon,42,0,
CMP_A_S_207195_0061_01,S_207195_0061,same_city_random,35.64542292499495,139.0294539283944,山梨县,,Japan,random,random_in_polygon,42,0,
CMP_A_S_207195_0061_02,S_207195_0061,same_city_random,35.599127196862696,139.02025504953906,山梨县,,Japan,random,random_in_polygon,42,0,
CMP_A_S_207195_0062_00,S_207195_0062,same_city_random,35.387842100612446,138.77347805710482,山梨县,,Japan,random,random_in_polygon,42,0,
CMP_A_S_207195_0062_01,S_207195_0062,same_city_random,35.64601502441225,138.22829915872052,山梨县,,Japan,random,random_in_polygon,42,0,
CMP_A_S_207195_0062_02,S_207195_0062,same_city_random,35.701487377308425,138.46137895499803,山梨县,,Japan,random,random_in_polygon,42,0,
CMP_A_S_207195_0063_00,S_207195_0063,same_city_random,35.61305719536499,138.76295959662974,山梨县,,Japan,random,random_in_polygon,42,0,
CMP_A_S_207195_0063_01,S_207195_0063,same_city_random,35.7127336999188,138.55815819900255,山梨县,,Japan,random,random_in_polygon,42,0,
CMP_A_S_207195_0063_02,S_207195_0063,same_city_random,35.62381930442495,138.87270638088017,山梨县,,Japan,random,random_in_polygon,42,0,
CMP_A_S_207195_0064_00,S_207195_0064,same_city_random,35.58176143015594,138.58020870231104,山梨县,,Japan,random,random_in_polygon,42,0,
CMP_A_S_207195_0064_01,S_207195_0064,same_city_random,35.4961096160444,138.6765550385036,山梨县,,Japan,random,random_in_polygon,42,0,
CMP_A_S_207195_0064_02,S_207195_0064,same_city_random,35.71671886238142,138.55705188934445,山梨县,,Japan,random,random_in_polygon,42,0,
CMP_A_S_207195_0065_00,S_207195_0065,same_city_random,35.328681071445985,138.35037825590885,山梨县,,Japan,random,random_in_polygon,42,0,
CMP_A_S_207195_0065_01,S_207195_0065,same_city_random,35.54578679849305,138.38254436253726,山梨县,,Japan,random,random_in_polygon,42,0,
CMP_A_S_207195_0065_02,S_207195_0065,same_city_random,35.58371867927332,138.54182608413876,山梨县,,Japan,random,random_in_polygon,42,0,
CMP_A_S_207195_0066_00,S_207195_0066,same_city_random,35.75572380844461,138.88792477175284,山梨县,,Japan,random,random_in_polygon,42,0,
CMP_A_S_207195_0066_01,S_207195_0066,same_city_random,35.62622608486021,138.92728464312702,山梨县,,Japan,random,random_in_polygon,42,0,
CMP_A_S_207195_0066_02,S_207195_0066,same_city_random,35.33258151491069,138.27538815865393,山梨县,,Japan,random,random_in_polygon,42,0,
CMP_A_S_207195_0067_00,S_207195_0067,same_city_random,35.635107288666156,138.7610232690947,山梨县,,Japan,random,random_in_polygon,42,0,
CMP_A_S_207195_0067_01,S_207195_0067,same_city_random,35.65180470575743,138.5705391000068,山梨县,,Japan,random,random_in_polygon,42,0,
CMP_A_S_207195_0067_02,S_207195_0067,same_city_random,35.54405110915456,139.07274389013017,山梨县,,Japan,random,random_in_polygon,42,0,
CMP_A_S_207195_0068_00,S_207195_0068,same_city_random,35.47140299619949,138.36784278490265,山梨县,,Japan,random,random_in_polygon,42,0,
CMP_A_S_207195_0068_01,S_207195_0068,same_city_random,35.71830982760898,138.33551918189522,山梨县,,Japan,random,random_in_polygon,42,0,
CMP_A_S_207195_0068_02,S_207195_0068,same_city_random,35.24785252806333,138.4125572204176,山梨县,,Japan,random,random_in_polygon,42,0,
CMP_A_S_207195_0069_00,S_207195_0069,same_city_random,35.33072642425436,138.445497251183,山梨县,,Japan,random,random_in_polygon,42,0,
CMP_A_S_207195_0069_01,S_207195_0069,same_city_random,35.58772953199525,138.3573680808947,山梨县,,Japan,random,random_in_polygon,42,0,
CMP_A_S_207195_0069_02,S_207195_0069,same_city_random,35.40518328304197,138.42099301054245,山梨县,,Japan,random,random_in_polygon,42,0,
CMP_A_S_207195_0070_00,S_207195_0070,same_city_random,35.61254098994633,138.4706467134127,山梨县,,Japan,random,random_in_polygon,42,0,
CMP_A_S_207195_0070_01,S_207195_0070,same_city_random,35.8478338411264,138.27263532666095,山梨县,,Japan,random,random_in_polygon,42,0,
CMP_A_S_207195_0070_02,S_207195_0070,same_city_random,35.60407888347942,138.76867222384178,山梨县,,Japan,random,random_in_polygon,42,0,
CMP_A_S_207195_0071_00,S_207195_0071,same_city_random,35.37183045397254,138.33784756336115,山梨县,,Japan,random,random_in_polygon,42,0,
CMP_A_S_207195_0071_01,S_207195_0071,same_city_random,35.8527632039855,138.33307661292915,山梨县,,Japan,random,random_in_polygon,42,0,
CMP_A_S_207195_0071_02,S_207195_0071,same_city_random,35.758931847362206,138.73762966832507,山梨县,,Japan,random,random_in_polygon,42,0,
CMP_A_S_207195_0072_00,S_207195_0072,same_city_random,35.46662052468894,138.46259826586373,山梨县,,Japan,random,random_in_polygon,42,0,
CMP_A_S_207195_0072_01,S_207195_0072,same_city_random,35.778923027176276,138.56644980907137,山梨县,,Japan,random,random_in_polygon,42,0,
CMP_A_S_207195_0072_02,S_207195_0072,same_city_random,35.84838136998679,138.43254369073716,山梨县,,Japan,random,random_in_polygon,42,0,
CMP_A_S_207195_0073_00,S_207195_0073,same_city_random,35.50061345841958,138.3513805924496,山梨县,,Japan,random,random_in_polygon,42,0,
CMP_A_S_207195_0073_01,S_207195_0073,same_city_random,35.85228240723102,138.85789104151976,山梨县,,Japan,random,random_in_polygon,42,0,
CMP_A_S_207195_0073_02,S_207195_0073,same_city_random,35.36793507438538,138.68669027167832,山梨县,,Japan,random,random_in_polygon,42,0,
CMP_A_S_207195_0074_00,S_207195_0074,same_city_random,35.297923420040526,138.41370217654534,山梨县,,Japan,random,random_in_polygon,42,0,
CMP_A_S_207195_0074_01,S_207195_0074,same_city_random,35.584234441588464,138.92193907673774,山梨县,,Japan,random,random_in_polygon,42,0,
CMP_A_S_207195_0074_02,S_207195_0074,same_city_random,35.593941937286054,138.64828590836294,山梨县,,Japan,random,random_in_polygon,42,0,
CMP_A_S_207195_0075_00,S_207195_0075,same_city_random,35.51747939001477,138.69214673298893,山梨县,,Japan,random,random_in_polygon,42,0,
CMP_A_S_207195_0075_01,S_207195_0075,same_city_random,35.555611359944706,139.08884175782472,山梨县,,Japan,random,random_in_polygon,42,0,
CMP_A_S_207195_0075_02,S_207195_0075,same_city_random,35.656909399161286,138.48693365056337,山梨县,,Japan,random,random_in_polygon,42,0,
CMP_A_S_207195_0076_00,S_207195_0076,same_city_random,35.49007649658667,138.62386114649652,山梨县,,Japan,random,random_in_polygon,42,0,
CMP_A_S_207195_0076_01,S_207195_0076,same_city_random,35.544950062273735,138.88782764276687,山梨县,,Japan,random,random_in_polygon,42,0,
CMP_A_S_207195_0076_02,S_207195_0076,same_city_random,35.20863595650079,138.505880871692,山梨县,,Japan,random,random_in_polygon,42,0,
CMP_A_S_207195_0077_00,S_207195_0077,same_city_random,35.806591194023106,138.50685104646863,山梨县,,Japan,random,random_in_polygon,42,0,
CMP_A_S_207195_0077_01,S_207195_0077,same_city_random,35.77155140609016,138.7743529003521,山梨县,,Japan,random,random_in_polygon,42,0,
CMP_A_S_207195_0077_02,S_207195_0077,same_city_random,35.52023199776601,139.06167558934732,山梨县,,Japan,random,random_in_polygon,42,0,
CMP_A_S_207195_0078_00,S_207195_0078,same_city_random,35.48403239683316,138.78348966326223,山梨县,,Japan,random,random_in_polygon,42,0,
CMP_A_S_207195_0078_01,S_207195_0078,same_city_random,35.53879669972919,138.87309812483983,山梨县,,Japan,random,random_in_polygon,42,0,
CMP_A_S_207195_0078_02,S_207195_0078,same_city_random,35.650134272433874,138.8098943654989,山梨县,,Japan,random,random_in_polygon,42,0,
CMP_A_S_207195_0079_00,S_207195_0079,same_city_random,35.310761709041074,138.50714685440846,山梨县,,Japan,random,random_in_polygon,42,0,
CMP_A_S_207195_0079_01,S_207195_0079,same_city_random,35.848003024187676,138.82720843655508,山梨县,,Japan,random,random_in_polygon,42,0,
CMP_A_S_207195_0079_02,S_207195_0079,same_city_random,35.59528200020136,139.1265929072389,山梨县,,Japan,random,random_in_polygon,42,0,
CMP_A_S_207195_0080_00,S_207195_0080,same_city_random,35.41137397184513,138.8099367543492,山梨县,,Japan,random,random_in_polygon,42,0,
CMP_A_S_207195_0080_01,S_207195_0080,same_city_random,35.49223660447396,138.88486549737394,山梨县,,Japan,random,random_in_polygon,42,0,
CMP_A_S_207195_0080_02,S_207195_0080,same_city_random,35.746603304946184,138.71624428861344,山梨县,,Japan,random,random_in_polygon,42,0,
CMP_A_S_207195_0081_00,S_207195_0081,same_city_random,35.68819295224348,138.5802359960032,山梨县,,Japan,random,random_in_polygon,42,0,
CMP_A_S_207195_0081_01,S_207195_0081,same_city_random,35.49626645550668,138.50681168679662,山梨县,,Japan,random,random_in_polygon,42,0,
CMP_A_S_207195_0081_02,S_207195_0081,same_city_random,35.704595342511865,138.2676211082943,山梨县,,Japan,random,random_in_polygon,42,0,
CMP_A_S_207195_0082_00,S_207195_0082,same_city_random,35.700915946167825,138.80566331012648,山梨县,,Japan,random,random_in_polygon,42,0,
CMP_A_S_207195_0082_01,S_207195_0082,same_city_random,35.79349249151517,138.36886168467578,山梨县,,Japan,random,random_in_polygon,42,0,
CMP_A_S_207195_0082_02,S_207195_0082,same_city_random,35.27976862318671,138.44267165884233,山梨县,,Japan,random,random_in_polygon,42,0,
CMP_A_S_207195_0083_00,S_207195_0083,same_city_random,35.710416736899354,138.45065767206404,山梨县,,Japan,random,random_in_polygon,42,0,
CMP_A_S_207195_0083_01,S_207195_0083,same_city_random,35.73182900640638,138.6974060329503,山梨县,,Japan,random,random_in_polygon,42,0,
CMP_A_S_207195_0083_02,S_207195_0083,same_city_random,35.65846083741534,139.089483781815,山梨县,,Japan,random,random_in_polygon,42,0,
CMP_A_S_207195_0084_00,S_207195_0084,same_city_random,35.67084624040289,138.42354166684575,山梨县,,Japan,random,random_in_polygon,42,0,
CMP_A_S_207195_0084_01,S_207195_0084,same_city_random,35.71900522378034,138.5615075280139,山梨县,,Japan,random,random_in_polygon,42,0,
CMP_A_S_207195_0084_02,S_207195_0084,same_city_random,35.65859496179934,139.01522319797638,山梨县,,Japan,random,random_in_polygon,42,0,
CMP_A_S_207195_0085_00,S_207195_0085,same_city_random,35.561872070525474,138.69976260922968,山梨县,,Japan,random,random_in_polygon,42,0,
CMP_A_S_207195_0085_01,S_207195_0085,same_city_random,35.43678393352965,138.7834130187196,山梨县,,Japan,random,random_in_polygon,42,0,
CMP_A_S_207195_0085_02,S_207195_0085,same_city_random,35.90155610205665,138.4131376931509,山梨县,,Japan,random,random_in_polygon,42,0,
CMP_A_S_207195_0086_00,S_207195_0086,same_city_random,35.780991685625885,138.9098272882302,山梨县,,Japan,random,random_in_polygon,42,0,
CMP_A_S_207195_0086_01,S_207195_0086,same_city_random,35.53506345915818,138.63874239679137,山梨县,,Japan,random,random_in_polygon,42,0,
CMP_A_S_207195_0086_02,S_207195_0086,same_city_random,35.68638337930868,138.4093407007596,山梨县,,Japan,random,random_in_polygon,42,0,
CMP_A_S_207195_0087_00,S_207195_0087,same_city_random,35.37548794072415,138.4561921495657,山梨县,,Japan,random,random_in_polygon,42,0,
CMP_A_S_207195_0087_01,S_207195_0087,same_city_random,35.49773310202088,138.73928400237284,山梨县,,Japan,random,random_in_polygon,42,0,
CMP_A_S_207195_0087_02,S_207195_0087,same_city_random,35.823942199657964,138.38894711433133,山梨县,,Japan,random,random_in_polygon,42,0,
CMP_A_S_207195_0088_00,S_207195_0088,same_city_random,35.84251334609269,138.9411707307502,山梨县,,Japan,random,random_in_polygon,42,0,
CMP_A_S_207195_0088_01,S_207195_0088,same_city_random,35.79042738781787,138.3120977515094,山梨县,,Japan,random,random_in_polygon,42,0,
CMP_A_S_207195_0088_02,S_207195_0088,same_city_random,35.4817310302375,138.2905062637634,山梨县,,Japan,random,random_in_polygon,42,0,
CMP_A_S_207195_0089_00,S_207195_0089,same_city_random,35.508030077143154,138.3270181419798,山梨县,,Japan,random,random_in_polygon,42,0,
CMP_A_S_207195_0089_01,S_207195_0089,same_city_random,35.80360358288,138.31178134274552,山梨县,,Japan,random,random_in_polygon,42,0,
CMP_A_S_207195_0089_02,S_207195_0089,same_city_random,35.879205370727945,138.43835775808373,山梨县,,Japan,random,random_in_polygon,42,0,
