bangumi_id,title_cn,title_jp,air_date,platform,n_japan_sites
1510,美少女战士,美少女戦士セーラームーン,1992-03-07,TV,10
513,听到涛声,海がきこえる,1993-05-05,TV,10
9270,樱桃小丸子,ちびまる子ちゃん,1995-01-08,TV,10
500,侧耳倾听,耳をすませば,1995-07-15,剧场版,10
899,名侦探柯南,名探偵コナン,1996-01-08,TV,8
2582,玲音,Serial Experiments Lain,1998-07-06,TV,10
1671,化物语,化物語,2009-07-03,TV,10
11577,偶像大师,THE IDOLM@STER,2011-07-07,TV,10
18624,回转企鹅罐,輪るピングドラム,2011-07-07,TV,10
10843,白兔糖,うさぎドロップ,2011-07-07,TV,10
14588,摇曳百合,ゆるゆり,2011-07-04,TV,9
37785,来自新世界,新世界より,2012-09-28,TV,6
28440,狼的孩子雨和雪,おおかみこどもの雨と雪,2012-07-21,剧场版,10
216228,孤独的美食家,孤独のグルメ,2017-11-29,WEB,10
207195,摇曳露营△,ゆるキャン△,2018-01-04,TV,10
512,岁月的童话,おもひでぽろぽろ,1991-07-20,剧场版,10
24823,蜡笔小新,クレヨンしんちゃん,1992-04-13,TV,6
321,机动警察剧场版2 和平保卫战,機動警察パトレイバー 2 the Movie,1993-08-07,剧场版,10
1608,灌篮高手,スラムダンク,1993-10-16,TV,8
407,平成狸合战,平成狸合戦ぽんぽこ,1994-07-16,剧场版,6
10378,天空之艾斯嘉科尼,天空のエスカフローネ,1996-04-02,TV,5
2166,乌龙派出所,こちら葛飾区亀有公園前派出所,1996-06-16,TV,10
8290,头文字D,頭文字D,1998-04-19,TV,10
9713,横滨购物纪行,ヨコハマ買い出し紀行,1998-05-21,OVA,10
3128,数码宝贝大冒险,デジモンアドベンチャー,1999-03-07,TV,7
2970,名侦探柯南 世纪末的魔术师,名探偵コナン 世紀末の魔術師,1999-04-17,剧场版,10
822,FLCL,フリクリ,2000-04-26,OVA,5
3130,数码宝贝驯兽师之王,デジモンテイマーズ,2001-04-01,TV,10
311,千与千寻,千と千尋の神隠し,2001-07-20,剧场版,6
605,棋魂,ヒカルの碁,2001-10-10,TV,10
297,拜托了老师,おねがい☆ティーチャー,2002-01-10,TV,10
977,笑园漫画大王,あずまんが大王 THE ANIMATION,2002-04-08,TV,10
40388,我们这一家,あたしンち,2002-04-19,TV,8
534,她和她的猫,彼女と彼女の猫,2002-04-19,OVA,5
1931,最终兵器彼女,最終兵器彼女,2002-07-02,TV,10
12786,朝雾的巫女,朝霧の巫女,2002-07-04,TV,10
38125,名侦探柯南 柯南、平次与消失的少年,名探偵コナン コナンと平次と消えた少年,2003-03-12,OVA,9
2973,名侦探柯南 迷宫的十字路口,名探偵コナン 迷宮の十字路,2003-04-19,剧场版,10
1650,你所期望的永远,君が望む永遠,2003-10-04,TV,6
4214,圣母在上,マリア様がみてる,2004-01-07,TV,10
1977,向北。〜Diamond Dust Drops〜,北へ。〜Diamond Dust Drops〜,2004-01-13,TV,10
2974,名侦探柯南 银翼的魔术师,名探偵コナン 銀翼の奇術師,2004-04-17,剧场版,6
254,混沌武士,サムライチャンプルー,2004-05-19,TV,10
4235,神是中学生,かみちゅ!,2005-06-29,TV,10
284,草莓棉花糖,苺ましまろ,2005-07-14,TV,9
1260,地狱少女,地獄少女,2005-10-04,TV,9
1839,仰望半月的夜空,半分の月がのぼる空,2006-01-12,TV,10
485,凉宫春日的忧郁,涼宮ハルヒの憂鬱,2006-04-02,TV,10
289,寒蝉鸣泣之时,ひぐらしのなく頃に,2006-04-04,TV,10
3054,大魔法峠,大魔法峠,2006-04-05,OVA,7
1147,ZEGAPAIN,ゼーガペイン,2006-04-06,TV,10
995,欢迎加入NHK！,N・H・Kにようこそ！,2006-07-09,TV,10
242,穿越时空的少女,時をかける少女,2006-07-15,剧场版,10
1804,心跳回忆Only Love,ときめきメモリアル Only Love,2006-10-02,TV,10
1773,死亡笔记,DEATH NOTE,2006-10-04,TV,10
793,Code Geass 反叛的鲁路修,コードギアス 反逆のルルーシュ,2006-10-05,TV,8
274,,Kanon,2006-10-05,TV,10
1261,地狱少女 二笼,地獄少女 二籠,2006-10-07,TV,5
1925,死神剧场版 无人的回忆,劇場版BLEACH MEMORIES OF NOBODY,2006-12-16,剧场版,6
927,秒速5厘米,秒速5センチメートル,2007-03-03,剧场版,10
805,濑户的花嫁,瀬戸の花嫁,2007-04-01,TV,10
798,,sola,2007-04-06,TV,7
276,幸运星,らき☆すた,2007-04-08,TV,10
288,寒蝉鸣泣之时 解,ひぐらしのなく頃に解,2007-07-05,TV,5
3994,素描本,スケッチブック～full color's～,2007-10-01,TV,10
306,我自己；你自己,Myself ; Yourself,2007-10-02,TV,6
51,CLANNAD,CLANNAD -クラナド-,2007-10-04,TV,10
2482,萝莉的时间,こどものじかん,2007-10-11,TV,5
233,剧场版 空之境界 第一章 俯瞰风景,劇場版 空の境界 第一章 俯瞰風景,2007-12-01,剧场版,10
309,真实之泪,true tears,2008-01-05,TV,10
259,夏目友人帐,夏目友人帳,2008-07-07,TV,10
909,龙与虎,とらドラ！,2008-10-01,TV,10
876,,CLANNAD 〜AFTER STORY〜,2008-10-02,TV,10
902,神薙,かんなぎ,2008-10-04,TV,10
1014,魔法禁书目录,とある魔術の禁書目録,2008-10-04,TV,10
884,混沌头,CHAOS;HEAD,2008-10-09,TV,10
2603,狱・再见绝望先生,獄・さよなら絶望先生,2008-10-17,OVA,9
1424,轻音少女,けいおん！,2009-04-02,TV,10
1606,凉宫春日的忧郁 2009,涼宮ハルヒの憂鬱,2009-04-02,TV,10
1444,天才麻将少女,咲-Saki-,2009-04-05,TV,6
1758,青之花,青い花,2009-07-01,TV,7
1377,海猫鸣泣之时,うみねこのなく頃に,2009-07-01,TV,6
1731,大正野球娘。,大正野球娘。,2009-07-02,TV,10
1743,东京地震8.0,東京マグニチュード8.0,2009-07-09,TV,10
1905,夏日大作战,サマーウォーズ,2009-08-01,剧场版,9
3179,千子,センコロール,2009-07-28,剧场版,10
2585,某科学的超电磁炮,とある科学の超電磁砲,2009-10-02,TV,10
2567,学生会的一己之见,生徒会の一存,2009-10-02,TV,6
2617,天降之物,そらのおとしもの,2009-10-04,TV,5
2790,好想告诉你,君に届け,2009-10-06,TV,9
8122,新子与千年魔法,マイマイ新子と千年の魔法,2009-11-21,剧场版,10
2463,无头骑士异闻录,デュラララ!!,2010-01-07,TV,10
3375,凉宫春日的消失,涼宮ハルヒの消失,2010-02-06,剧场版,10
3774,轻音少女 第二季,けいおん！！,2010-04-06,TV,10
3628,名侦探柯南 天空的遇难船,名探偵コナン 天空の難破船,2010-04-17,剧场版,10
4019,四叠半神话大系,四畳半神話大系,2010-04-22,TV,10
5656,圣诞之吻SS,アマガミSS,2010-07-01,TV,8
5649,妄想学生会,生徒会役員共,2010-07-03,TV,10
5655,世纪末超自然学院,世紀末オカルト学院,2010-07-05,TV,10
3428,爆漫王。,バクマン。,2010-10-02,TV,10
5436,我的妹妹哪有这么可爱！,俺の妹がこんなに可愛いわけがない,2010-10-03,TV,10
7157,缘之空,ヨスガノソラ,2010-10-04,TV,10
7883,即使如此小镇依然转动,それでも町は廻っている,2010-10-07,TV,10
8560,侦探歌剧 少女福尔摩斯,探偵オペラ ミルキィホームズ,2010-10-07,TV,5
6811,海月姬,海月姫,2010-10-14,TV,10
98371,某科学的超电磁炮 OVA,とある科学の超電磁砲 炎天下の撮影モデルも楽じゃありませんわね,2010-10-29,OVA,10
8452,玉响,たまゆら,2010-11-26,OVA,10
9717,魔法少女小圆,魔法少女まどか☆マギカ,2011-01-06,TV,6
8990,食梦者玛利,夢喰いメリー,2011-01-06,TV,9
9853,灵异E接触,レベルE,2011-01-10,TV,10
8474,放浪男孩,放浪息子,2011-01-13,TV,10
9912,日常,日常,2011-04-02,TV,10
22759,花开伊吕波,花咲くいろは,2011-04-03,TV,10
10380,命运石之门,STEINS;GATE,2011-04-06,TV,10
10227,A频道,Aチャンネル,2011-04-07,TV,10
11180,美妙旋律 极光之梦,プリティーリズム・オーロラドリーム,2011-04-09,TV,10
10440,我们仍未知道那天所看见的花的名字。,あの日見た花の名前を僕達はまだ知らない。,2011-04-14,TV,10
10377,电波女与青春男,電波女と青春男,2011-04-14,TV,10
13485,萝球社！,ロウきゅーぶ！,2011-07-01,TV,10
12333,神样DOLLS,神様ドォルズ,2011-07-05,TV,10
10639,Fate/Zero,Fate/Zero,2011-10-01,TV,9
12703,境界线上的地平线,境界線上のホライゾン,2011-10-01,TV,7
17883,我的朋友很少,僕は友達が少ない,2011-10-06,TV,10
16235,未来日记,未来日記,2011-10-09,TV,10
18631,灼眼的夏娜III -Final-,灼眼のシャナIII -Final-,2011-10-07,TV,5
18635,罪恶王冠,ギルティクラウン,2011-10-13,TV,10
23161,伪物语,偽物語,2012-01-07,TV,10
24790,男子高中生的日常,男子高校生の日常,2012-01-09,TV,6
20851,,Another,2012-01-09,TV,6
22657,在盛夏等待,あの夏で待ってる,2012-01-09,TV,10
25444,听爸爸的话！,パパのいうことを聞きなさい！,2012-01-10,TV,9
21900,轮回的拉格朗日,輪廻のラグランジェ,2012-01-08,TV,10
28431,一起一起这里那里,あっちこっち,2012-04-05,TV,10
28230,散华礼弥,さんかれあ,2012-04-05,TV,10
23685,加速世界,アクセル・ワールド,2012-04-06,TV,10
33355,战国Collection,戦国コレクション,2012-04-05,TV,9
26825,夏色奇迹,夏色キセキ,2012-04-05,TV,10
24508,潜行吧！奈亚子,這いよれ! ニャル子さん,2012-04-09,TV,6
29426,坂道上的阿波罗,坂道のアポロン,2012-04-12,TV,10
33255,钓球,つり球,2012-04-12,TV,10
27364,冰菓,氷菓,2012-04-22,TV,10
26800,给桃子的信,ももへの手紙,2012-04-21,剧场版,10
28900,摇曳百合♪♪,ゆるゆり♪♪,2012-07-02,TV,10
37137,,TARI TARI,2012-07-01,TV,10
27334,枪械少女,うぽって!!,2012-07-04,TV,10
37897,女子落语,じょしらく,2012-07-05,TV,10
27236,恋爱与选举与巧克力,恋と選挙とチョコレート,2012-07-05,TV,10
37154,恋爱随意链接,ココロコネクト,2012-07-07,TV,10
31413,织田信奈的野望,織田信奈の野望,2012-07-08,TV,10
47276,乃木坂春香的秘密 Finale♪,乃木坂春香の秘密 ふぃな〜れ♪,2012-08-29,OVA,10
43525,元气少女缘结神,神様はじめました,2012-10-01,TV,10
29648,中二病也要谈恋爱！,中二病でも恋がしたい！,2012-10-03,TV,10
40339,就算是哥哥只要有爱就没问题对吧,お兄ちゃんだけど愛さえあれば関係ないよねっ,2012-10-05,TV,8
40651,只要你说你爱我,好きっていいなよ。,2012-10-06,TV,10
40310,少女与战车,ガールズ＆パンツァー,2012-10-08,TV,10
41488,樱花庄的宠物女孩,さくら荘のペットな彼女,2012-10-08,TV,10
37673,机器人笔记,ROBOTICS;NOTES,2012-10-11,TV,10
41658,向山进发,ヤマノススメ,2013-01-02,TV,10
49294,Love Live!,ラブライブ!,2013-01-06,TV,10
43557,我女友与青梅竹马的惨烈修罗场,俺の彼女と幼なじみが修羅場すぎる,2013-01-05,TV,10
55113,玉子市场,たまこまーけっと,2013-01-09,TV,10
48031,GJ部,GJ部,2013-01-09,TV,10
48034,琴浦小姐,琴浦さん,2013-01-10,TV,10
41245,绯色战姬,ビビッドレッド・オペレーション,2013-01-10,TV,10
46728,RDG 濒危物种少女,RDG レッドデータガール,2013-04-03,TV,10
54433,我的青春恋爱物语果然有问题,やはり俺の青春ラブコメはまちがっている。,2013-04-04,TV,10
50814,打工吧！魔王大人,はたらく魔王さま!,2013-04-04,TV,6
49131,约会大作战,デート・ア・ライブ,2013-04-05,TV,10
46307,恶之华,惡の華,2013-04-05,TV,10
62285,美妙旋律 Rainbow Live,プリティーリズム・レインボーライブ,2013-04-06,TV,10
37898,我的妹妹哪有这么可爱。,俺の妹がこんなに可愛いわけがない。,2013-04-06,TV,10
56159,AIURA,あいうら,2013-04-09,TV,5
46828,悠悠式,ゆゆ式,2013-04-09,TV,10
51928,某科学的超电磁炮S,とある科学の超電磁砲S,2013-04-12,TV,10
23119,命运石之门 负荷领域的既视感,STEINS;GATE 負荷領域のデジャヴ,2013-04-20,剧场版,5
66186,恋旅～True Tours Nanto～,恋旅～True Tours Nanto～,2013-04-28,WEB,10
58949,言叶之庭,言の葉の庭,2013-05-31,剧场版,10
72109,,Free!,2013-07-03,TV,7
69944,跟班×服务,サーバント×サービス,2013-07-04,TV,10
58850,恋爱研究所,恋愛ラボ,2013-07-04,TV,6
75702,归宅部活动记录,帰宅部活動記録,2013-07-04,TV,10
68812,物语系列 第二季,〈物語〉シリーズ セカンドシーズン,2013-07-06,TV,10
46826,幻想玩偶,ファンタジスタドール,2013-07-06,TV,10
68035,有顶天家族,有頂天家族,2013-07-07,TV,10
59664,银之匙 Silver Spoon,銀の匙 Silver Spoon,2013-07-11,TV,10
49278,境界的彼方,境界の彼方,2013-10-02,TV,10
80778,黑白小姐,ミス・モノクローム -The Animation-,2013-10-01,TV,9
47889,来自风平浪静的明天,凪のあすから,2013-10-03,TV,10
68031,青春纪行,ゴールデンタイム,2013-10-03,TV,10
78405,悠哉日常大王,のんのんびより,2013-10-07,TV,10
59583,飙速宅男,弱虫ペダル,2013-10-07,TV,10
77570,我的脑内选项正在全力妨碍学园恋爱喜剧,俺の脳内選択肢が、学園ラブコメを全力で邪魔している,2013-10-09,TV,6
85204,妄想学生会＊,生徒会役員共*,2014-01-04,TV,10
89511,BUDDY COMPLEX,バディ・コンプレックス,2014-01-05,TV,10
80548,属性同好会,ディーふらぐ!,2014-01-06,TV,10
72942,中二病也要谈恋爱！恋,中二病でも恋がしたい！戀,2014-01-08,TV,10
83869,未确认进行式,未確認で進行形,2014-01-08,TV,10
48880,,"Wake Up, Girls!",2014-01-10,TV,10
68756,农林,のうりん,2014-01-10,TV,10
74628,伪恋,ニセコイ,2014-01-11,TV,10
56116,稻荷恋之歌,いなり、こんこん、恋いろは。,2014-01-15,TV,10
64172,偶像大师 剧场版 向着光辉的彼岸！,THE IDOLM@STER MOVIE 輝きの向こう側へ！,2014-01-25,剧场版,5
81674,三和,みツわの,2014-03-12,OVA,10
89216,我们大家的河合庄,僕らはみんな河合荘,2014-04-03,TV,10
84171,排球少年,ハイキュー!!,2014-04-06,TV,10
88493,一周的朋友。,一週間フレンズ。,2014-04-06,TV,10
89485,极黑的布伦希尔德,極黒のブリュンヒルデ,2014-04-06,TV,10
93739,乒乓,ピンポン THE ANIMATION,2014-04-10,TV,8
81186,目隐都市的演绎者,メカクシティアクターズ,2014-04-12,TV,5
90880,玉子爱情故事,たまこラブストーリー,2014-04-26,剧场版,10
94236,普通女高中生要做当地偶像,普通の女子校生が【ろこどる】やってみた。,2014-07-03,TV,10
93714,东京喰种,東京喰種トーキョーグール,2014-07-03,TV,10
99505,玻璃之唇,グラスリップ,2014-07-03,TV,10
83868,元气囝仔,ばらかもん,2014-07-05,TV,10
99748,美妙天堂,プリパラ,2014-07-05,TV,10
92382,刀剑神域 第二季,ソードアート・オンラインII,2014-07-05,TV,10
91222,花舞少女,ハナヤマタ,2014-07-07,TV,10
86670,向山进发 第二季,ヤマノススメ セカンドシーズン,2014-07-09,TV,10
90367,回忆中的玛妮,思い出のマーニー,2014-07-19,剧场版,7
103127,电器街的漫画店,デンキ街の本屋さん,2014-10-02,TV,10
95225,Fate/stay night [Unlimited Blade Works],Fate/stay night [Unlimited Blade Works],2014-10-04,TV,9
100040,天体的秩序,天体のメソッド,2014-10-05,TV,10
93545,甘城光辉游乐园,甘城ブリリアントパーク,2014-10-06,TV,10
110467,白箱,SHIROBAKO,2014-10-09,TV,10
100444,四月是你的谎言,四月は君の嘘,2014-10-09,TV,9
109328,结城友奈是勇者,結城友奈は勇者である,2014-10-16,TV,10
59825,百合熊风暴,ユリ熊嵐,2015-01-05,TV,6
100205,新妹魔王的契约者,新妹魔王の契約者,2015-01-07,TV,10
84386,舰队Collection,艦隊これくしょん -艦これ-,2015-01-07,TV,5
100403,路人女主的养成方法,冴えない彼女の育てかた,2015-01-08,TV,10
106818,暗杀教室,暗殺教室,2015-01-09,TV,10
101399,偶像大师 灰姑娘女孩,アイドルマスター シンデレラガールズ,2015-01-09,TV,10
110600,旋转少女,ローリング☆ガールズ,2015-01-10,TV,10
106292,伊斯卡,ISUCA,2015-01-23,TV,8
99796,摇曳百合 夏日时光！,ゆるゆり なちゅやちゅみ!,2015-02-18,OVA,10
115732,花与爱丽丝杀人事件,花とアリス殺人事件,2015-02-20,剧场版,10
102134,我的青春恋爱物语果然有问题 续,やはり俺の青春ラブコメはまちがっている。続,2015-04-02,TV,10
110568,灵感少女！,レーカン！,2015-04-02,TV,10
90815,长门有希酱的消失,長門有希ちゃんの消失,2015-04-03,TV,10
112151,终结的炽天使,終わりのセラフ,2015-04-04,TV,10
115908,吹响吧！上低音号,響け！ユーフォニアム,2015-04-07,TV,10
117558,干支魂,えとたま,2015-04-09,TV,10
120445,GATE 奇幻自卫队,GATE 自衛隊 彼の地にて、斯く戦えり,2015-07-03,TV,10
120925,夏洛特,Charlotte,2015-07-04,TV,10
120187,干物妹！小埋,干物妹! うまるちゃん,2015-07-08,TV,10
136311,摇曳百合 夏日时光！+,ゆるゆり なちゅやちゅみ!+,2015-08-20,TV,8
119344,心灵想要大声呼喊。,心が叫びたがってるんだ。,2015-09-19,剧场版,10
138829,终物语,終物語,2015-10-03,TV,5
138960,温泉幼精箱根酱,温泉幼精ハコネちゃん,2015-10-04,TV,10
127573,摇曳百合 3☆High!,ゆるゆり さん☆ハイ！,2015-10-05,TV,10
139408,阿松,おそ松さん,2015-10-05,TV,8
126461,樱子小姐的脚下埋着尸体,櫻子さんの足下には死体が埋まっている,2015-10-07,TV,10
118783,全部成为F THE PERFECT INSIDER,すべてがFになる THE PERFECT INSIDER,2015-10-08,TV,5
72266,少女与战车 剧场版,ガールズ＆パンツァー 劇場版,2015-11-21,剧场版,9
94040,无彩限的怪灵世界,無彩限のファントム・ワールド,2016-01-06,TV,10
136213,春&夏推理事件簿～春太与千夏的青春～,ハルチカ～ハルタとチカは青春する～,2016-01-06,TV,10
131891,暗杀教室 第二季,暗殺教室 第2期,2016-01-07,TV,5
137722,只有我不存在的城市,僕だけがいない街,2016-01-07,TV,10
146994,粗点心战争,だがしかし,2016-01-07,TV,10
149993,少女们向荒野进发,少女たちは荒野を目指す,2016-01-07,TV,10
119394,昭和元禄落语心中,昭和元禄落語心中,2016-01-08,TV,10
7707,伤物语Ⅰ铁血篇,傷物語Ⅰ鉄血篇,2016-01-08,剧场版,7
117601,苍之彼方的四重奏,蒼の彼方のフォーリズム,2016-01-11,TV,10
150490,JOJO的奇妙冒险 不灭钻石,ジョジョの奇妙な冒険 ダイヤモンドは砕けない,2016-04-01,TV,10
163046,迷家,迷家-マヨイガ-,2016-04-01,TV,5
148361,熊巫女,くまみこ,2016-04-03,TV,5
142812,鬼牌游戏,ジョーカー・ゲーム,2016-04-05,TV,6
144357,文豪野犬,文豪ストレイドッグス,2016-04-06,TV,10
141799,飞翔的魔女,ふらいんぐうぃっち,2016-04-09,TV,10
155704,田中君总是如此慵懒,田中くんはいつもけだるげ,2016-04-09,TV,10
185001,小桃小栗 Love Love物语,ももくり,2016-07-01,TV,10
165553,LoveLive! Sunshine!!,ラブライブ! サンシャイン!!,2016-07-02,TV,10
147568,,Rewrite,2016-07-02,TV,5
169425,橘色奇迹,orange,2016-07-03,TV,10
150775,,NEW GAME!,2016-07-04,TV,10
170261,天真与闪电,甘々と稲妻,2016-07-04,TV,6
176518,星之梦,planetarian～ちいさなほしのゆめ～,2016-07-07,WEB,7
150746,这个美术社大有问题！,この美術部には問題がある！,2016-07-07,TV,7
148142,蓝海少女,あまんちゅ！,2016-07-08,TV,10
160209,你的名字。,君の名は。,2016-08-26,剧场版,10
117777,声之形,聲の形,2016-09-17,剧场版,10
176599,WWW.迷糊餐厅,WWW.WORKING!!,2016-10-01,TV,10
165972,斯特拉的魔法,ステラのまほう,2016-10-03,TV,10
187112,装神少女小缠,装神少女まとい,2016-10-04,TV,10
152091,吹响吧！上低音号 第二季,響け！ユーフォニアム2,2016-10-05,TV,10
174584,轻拍翻转小魔女,フリップフラッパーズ,2016-10-06,TV,10
167434,少女编号,ガーリッシュ ナンバー,2016-10-06,TV,10
168634,竞女,競女!!!!!!!!,2016-10-06,TV,10
147068,3月的狮子,3月のライオン,2016-10-08,TV,10
203861,超自然9人组,Occultic;Nine -オカルティック・ナイン-,2016-10-08,TV,10
168417,乌冬面之国的金色毛毬,うどんの国の金色毛鞠,2016-10-08,TV,10
131800,长骑美眉,ろんぐらいだぁす！,2016-10-08,TV,10
54550,在这世界的角落,この世界の片隅に,2016-11-12,剧场版,10
185762,政宗君的复仇,政宗くんのリベンジ,2017-01-05,TV,7
188412,风夏,風夏,2017-01-06,TV,9
191956,亚人酱有话要说,亜人ちゃんは語りたい,2017-01-07,TV,9
188091,珈百璃的堕落,ガヴリールドロップアウト,2017-01-09,TV,10
176478,兽娘动物园,けものフレンズ,2017-01-10,TV,10
174592,Hand Shakers,ハンドシェイカー,2017-01-10,TV,10
179949,小林家的龙女仆,小林さんちのメイドラゴン,2017-01-11,TV,10
198395,,One Room,2017-01-11,TV,6
186515,,BanG Dream!,2017-01-21,TV,10
148099,刀剑神域 序列之争,劇場版 ソードアート・オンライン -オーディナル・スケール-,2017-02-18,剧场版,10
193378,重启咲良田,サクラダリセット,2017-04-05,TV,10
200547,樱花任务,サクラクエスト,2017-04-05,TV,10
207573,月色真美,月がきれい,2017-04-06,TV,10
132734,路人女主的养成方法 ♭,冴えない彼女の育てかた ♭,2017-04-06,TV,10
202240,春宵苦短，少女前进吧！,夜は短し歩けよ乙女,2017-04-07,剧场版,10
172498,埃罗芒阿老师,エロマンガ先生,2017-04-08,TV,10
193042,有顶天家族 第二季,有頂天家族2,2017-04-09,TV,9
204483,动作女主 水果应援团,アクションヒロイン チアフルーツ,2017-07-06,TV,6
194261,天使的3P!,天使の3P!,2017-07-10,TV,10
198675,第一次的辣妹,はじめてのギャル,2017-07-12,TV,10
195816,GAMERS电玩咖,ゲーマーズ!,2017-07-13,TV,10
175596,终物语（下）,終物語(下),2017-08-12,TV,5
200704,烟花,打ち上げ花火、下から見るか？横から見るか？,2017-08-18,剧场版,7
212278,,Just Because!,2017-10-05,TV,10
208930,偶像大师 SideM,アイドルマスター SideM,2017-10-07,TV,10
204145,调教咖啡厅,ブレンド・S,2017-10-07,TV,10
210272,LoveLive! Sunshine!! 第二季,ラブライブ! サンシャイン!! 第2期,2017-10-07,TV,10
220848,侧车搭档,つうかあ,2017-10-07,TV,10
213076,如果有妹妹就好了。,妹さえいればいい。,2017-10-08,TV,9
213329,动画同好会,アニメガタリズ,2017-10-08,TV,9
211567,3月的狮子 第二季,3月のライオン 第2シリーズ,2017-10-14,TV,10
109375,剧场版 Fate/stay night [Heaven's Feel] I.presage flower,劇場版 Fate/stay night [Heaven's Feel] I.presage flower,2017-10-14,剧场版,10
238416,,駅メモ！ショートアニメ「横手編」,2017-12-26,WEB,9
234349,卫宫家今天的饭,衛宮さんちの今日のごはん,2017-12-31,WEB,10
218708,比宇宙更远的地方,宇宙よりも遠い場所,2018-01-02,TV,10
215158,刀使的巫女,刀使ノ巫女,2018-01-05,TV,10
227240,新干线变形机器人,新幹線変形ロボ シンカリオン,2018-01-06,TV,5
215425,电影 中二病也要谈恋爱！ -Take On Me-,映画 中二病でも恋がしたい！ -Take On Me-,2018-01-06,剧场版,10
214671,Slow Start,スロウスタート,2018-01-06,TV,10
198098,citrus～柑橘味香气～,citrus,2018-01-06,TV,10
211066,三颗星彩色冒险,三ツ星カラーズ,2018-01-07,TV,9
219200,擅长捉弄的高木同学,からかい上手の高木さん,2018-01-08,TV,10
219658,龙王的工作！,りゅうおうのおしごと！,2018-01-08,TV,10
210458,恋如雨止,恋は雨上がりのように,2018-01-11,TV,10
219568,博多豚骨拉面,博多豚骨ラーメンズ,2018-01-12,TV,10
218711,DARLING in the FRANXX,ダーリン・イン・ザ・フランキス,2018-01-13,TV,5
216311,向山进发 回忆的礼物,ヤマノススメ おもいでプレゼント,2018-01-26,OVA,7
213816,ReLIFE 完结篇,ReLIFE 完結編,2018-03-21,OVA,8
212003,赛马娘 Pretty Derby,ウマ娘 プリティーダービー,2018-04-01,TV,10
217249,漫画女孩,こみっくがーるず,2018-04-05,TV,10
239839,年轻老板娘是小学生！,若おかみは小学生！,2018-04-08,TV,10
221127,黄金神威,ゴールデンカムイ,2018-04-09,TV,10
236103,道口时间,踏切時間,2018-04-09,TV,10
129807,命运石之门 0,シュタインズ・ゲート ゼロ,2018-04-11,TV,5
231474,桧曾根与间租谭,ひそねとまそたん,2018-04-12,TV,10
175404,ISLAND,ISLAND,2018-07-01,TV,10
216310,向山进发 第三季,ヤマノススメ サードシーズン,2018-07-02,TV,10
220375,遥的接球,はるかなレシーブ,2018-07-06,TV,10
231722,邪神与厨二病少女,邪神ちゃんドロップキック,2018-07-09,TV,6
214265,少女☆歌剧 Revue Starlight,少女☆歌劇 レヴュースタァライト,2018-07-12,TV,10
235130,碧蓝之海,ぐらんぶる,2018-07-13,TV,10
239270,企鹅公路,ペンギン・ハイウェイ,2018-08-17,剧场版,9
215618,剧场版 悠哉日常大王 Vacation,劇場版 のんのんびより ばけーしょん,2018-08-25,剧场版,10
221736,我想吃掉你的胰脏,君の膵臓をたべたい,2018-09-01,剧场版,10
248154,强风吹拂,風が強く吹いている,2018-10-02,TV,10
240038,青春猪头少年不会梦到兔女郎学姐,青春ブタ野郎はバニーガール先輩の夢を見ない,2018-10-03,TV,10
220658,天空与海洋之间,ソラとウミのアイダ,2018-10-03,TV,10
252655,佐贺偶像是传奇,ゾンビランドサガ,2018-10-04,TV,10
243981,终将成为你,やがて君になる,2018-10-05,TV,10
241158,邻家的吸血鬼小妹,となりの吸血鬼さん,2018-10-05,TV,7
226540,魔法禁书目录 第三季,とある魔術の禁書目録Ⅲ,2018-10-05,TV,8
240562,来自多彩世界的明天,色づく世界の明日から,2018-10-05,TV,10
218712,SSSS.古立特,SSSS.GRIDMAN,2018-10-06,TV,10
236510,月影特工,RELEASE THE SPYCE,2018-10-06,TV,10
236196,Anima Yell!,アニマエール！,2018-10-07,TV,6
228378,弦音 -风舞高中弓道部-,ツルネ ―風舞高校弓道部―,2018-10-21,TV,10
246429,BanG Dream! 第二季,BanG Dream! 2nd Season,2019-01-03,TV,10
234295,LoveLive! Sunshine!! 学园偶像 电影 彩虹彼端,ラブライブ!サンシャイン!! The School Idol Movie Over the Rainbow,2019-01-04,剧场版,10
237423,烟草,ケムリクサ,2019-01-09,TV,10
256114,五等分的新娘,五等分の花嫁,2019-01-10,TV,10
248208,飞翔吧！战机少女,ガーリー・エアフォース,2019-01-10,TV,10
248175,辉夜大小姐想让我告白～天才们的恋爱头脑战～,かぐや様は告らせたい～天才たちの恋愛頭脳戦～,2019-01-12,TV,10
239646,皿三昧,さらざんまい,2019-04-11,TV,10
216372,剧场版 吹响吧！上低音号～誓言的终章～,劇場版 響け！ユーフォニアム～誓いのフィナーレ～,2019-04-19,剧场版,10
260680,青春猪头少年不会梦到怀梦美少女,青春ブタ野郎はゆめみる少女の夢を見ない,2019-06-15,剧场版,10
265372,若能与你共乘海浪之上,きみと、波にのれたら,2019-06-21,剧场版,10
265708,女高中生的无所事事,女子高生の無駄づかい,2019-07-05,TV,10
268070,骚动时节的少女们啊,荒ぶる季節の乙女どもよ。,2019-07-05,TV,10
252321,Re:Stage！Dream Days♪,Re:ステージ! ドリームデイズ♪,2019-07-07,TV,10
272510,街角魔族,まちカドまぞく,2019-07-11,TV,10
277518,GIVEN 被赠与的未来,ギヴン,2019-07-11,TV,10
262939,某科学的一方通行,とある科学の一方通行,2019-07-12,TV,10
269235,天气之子,天気の子,2019-07-19,剧场版,10
269090,你好 世界,HELLO WORLD,2019-09-20,剧场版,10
248665,星合之空,星合の空 -ほしあいのそら-,2019-10-10,TV,10
278557,知晓天空之蓝的人啊,空の青さを知る人よ,2019-10-11,剧场版,10
231497,路人女主的养成方法 Fine,冴えない彼女の育てかた Fine,2019-10-26,剧场版,10
276150,恋爱小行星,恋する小惑星,2020-01-03,TV,10
298010,平安达纪 TV版,へんたつ,2020-01-04,TV,10
266070,房间露营△,へやキャン△,2020-01-06,TV,10
262940,某科学的超电磁炮T,とある科学の超電磁砲T,2020-01-10,TV,10
220445,,22/7,2020-01-11,TV,10
246430,BanG Dream! 第三季,BanG Dream! 3rd Season,2020-01-23,TV,10
294713,隐瞒之事,かくしごと,2020-04-02,TV,10
292359,听着这电波,波よ聞いてくれ,2020-04-03,TV,10
280516,昨日之歌,イエスタデイをうたって,2020-04-04,TV,10
280678,放学后海堤日记,放課後ていぼう日誌,2020-04-07,TV,10
299202,想哭的我戴上了猫的面具,泣きたい私は猫をかぶる,2020-06-18,WEB,10
278826,Re：从零开始的异世界生活 第二季,Re:ゼロから始める異世界生活 2nd season,2020-07-08,TV,10
277954,我的青春恋爱物语果然有问题 完,やはり俺の青春ラブコメはまちがっている。完,2020-07-09,TV,10
299498,宇崎学妹想要玩！,宇崎ちゃんは遊びたい!,2020-07-10,TV,10
290993,电影 GIVEN,映画 ギヴン,2020-08-22,剧场版,10
294993,咒术回战,呪術廻戦,2020-10-02,TV,10
301541,总之就是非常可爱,トニカクカワイイ,2020-10-02,TV,10
297340,铁路浪漫谭,レヱル・ロマネスク,2020-10-02,TV,10
295862,催眠麦克风,『ヒプノシスマイク-Division Rap Battle-』Rhyme Anima,2020-10-02,TV,10
296659,Love Live! 虹咲学园校园偶像同好会,ラブライブ！虹ヶ咲学園スクールアイドル同好会,2020-10-03,TV,10
301369,战翼的希格德莉法,戦翼のシグルドリーヴァ,2020-10-03,TV,10
282372,安达与岛村,安達としまむら,2020-10-08,TV,10
312979,体操武士,体操ザムライ,2020-10-10,TV,10
306429,成神之日,神様になった日,2020-10-10,TV,10
279059,满溢的水果挞,おちこぼれフルーツタルト,2020-10-12,TV,10
295778,乔西的虎与鱼,ジョゼと虎と魚たち,2020-12-25,剧场版,10
301601,里世界郊游,裏世界ピクニック,2021-01-04,TV,10
262897,摇曳露营△ 第二季,ゆるキャン△ SEASON 2,2021-01-07,TV,10
282000,五等分的新娘∬,五等分の花嫁∬,2021-01-07,TV,10
292527,弱角友崎同学,弱キャラ友崎くん,2021-01-08,TV,10
315069,堀与宫村,ホリミヤ,2021-01-09,TV,10
296151,偶像荣耀,IDOLY PRIDE,2021-01-10,TV,7
316607,奇蛋物语,ワンダーエッグ・プライオリティ,2021-01-12,TV,10
29883,新・福音战士剧场版：终,シン・エヴァンゲリオン劇場版:│▌,2021-03-08,剧场版,5
296367,SSSS.电光机王,SSSS.DYNAZENON,2021-04-02,TV,10
311784,纯白之音,ましろのおと,2021-04-02,TV,5
311615,如果烧陶的话也做个马克杯吧,やくならマグカップも,2021-04-02,TV,10
297254,剃须。然后捡到女高中生。,ひげを剃る。そして女子高生を拾う。,2021-04-05,TV,7
294337,本田小狼与我,スーパーカブ,2021-04-07,TV,10
287488,佐贺偶像是传奇 复仇,ゾンビランドサガ リベンジ,2021-04-08,TV,10
309753,不要欺负我，长瀞同学,イジらないで、長瀞さん,2021-04-10,TV,10
305058,BanG Dream! Episode of Roselia Ⅰ : 约定,BanG Dream! Episode of Roselia Ⅰ : 約束,2021-04-23,剧场版,8
315490,,BanG Dream! Episode of Roselia Ⅱ : Song I am.,2021-06-25,剧场版,9
325281,白沙的水族馆,白い砂のアクアトープ,2021-07-08,TV,9
306742,Love Live! Superstar!!,ラブライブ！スーパースター!!,2021-07-11,TV,10
322535,龙与雀斑公主,竜とそばかすの姫,2021-07-16,剧场版,10
295090,星之梦～雪圏球～,planetarian～雪圏球～,2021-08-25,OVA,9
386772,那个夏天,그 여름,2021-09-04,WEB,10
348598,神之山岭,Le sommet des dieux,2021-09-22,剧场版,10
330973,看得见的女孩,見える子ちゃん,2021-10-03,TV,10
335225,古见同学有交流障碍症,古見さんは、コミュ症です。,2021-10-06,TV,8
322193,橘色荣耀,プラオレ！～PRIDE OF ORANGE～,2021-10-06,TV,10
309670,关于前辈很烦人的事,先輩がうざい後輩の話,2021-10-09,TV,10
262547,四季樱,シキザクラ,2021-10-09,TV,10
314638,让我听见爱的歌声,アイの歌声を聴かせて,2021-10-29,剧场版,10
318543,扶桑花之舞,フラ・フラダンス,2021-12-03,剧场版,7
407576,,My song / 角巻わため,2022-01-06,其他,10
318227,指名！,CUE!,2022-01-07,TV,10
333158,更衣人偶坠入爱河,その着せ替え人形は恋をする,2022-01-08,TV,10
347953,群青的号角,群青のファンファーレ,2022-04-02,TV,10
356756,派对浪客诸葛孔明,パリピ孔明,2022-04-05,TV,10
333664,相合之物,であいもん,2022-04-06,TV,10
324295,式守同学不只可爱而已,可愛いだけじゃない式守さん,2022-04-09,TV,10
326895,夏日重现,サマータイムレンダ,2022-04-14,TV,10
331489,电影 五等分的新娘,映画 五等分の花嫁,2022-05-20,剧场版,10
284524,犬王,犬王,2022-05-28,剧场版,10
262898,电影 摇曳露营△,映画 ゆるキャン△,2022-07-01,剧场版,10
315745,租借女友 第二季,彼女、お借りします 第2期,2022-07-01,TV,6
364450,莉可丽丝,リコリス・リコイル,2022-07-02,TV,10
316131,邪神与厨二病少女 X,邪神ちゃんドロップキック X,2022-07-05,TV,7
356774,彻夜之歌,よふかしのうた,2022-07-07,TV,10
354414,闪耀路标,SHINE POST,2022-07-12,TV,10
385928,,BanG Dream! Morfonication,2022-07-28,TV,8
362575,通往夏天的隧道，再见的出口,夏へのトンネル、さよならの出口,2022-09-09,剧场版,10
345980,四叠半时光机布鲁斯,四畳半タイムマシンブルース,2022-09-14,WEB,10
290980,向山进发 Next Summit,ヤマノススメ Next Summit,2022-10-04,TV,10
331445,少女手工,Do It Yourself!! -どぅー・いっと・ゆあせるふ-,2022-10-05,TV,10
328609,孤独摇滚！,ぼっち・ざ・ろっく！,2022-10-08,TV,10
320493,天使降临到了我身边！Precious Friends,私に天使が舞い降りた！プレシャス・フレンズ,2022-10-14,剧场版,6
362577,铃芽之旅,すずめの戸締まり,2022-11-11,剧场版,10
378862,别当欧尼酱了！,お兄ちゃんはおしまい！,2023-01-05,TV,10
354042,不要欺负我，长瀞同学 二次攻击,イジらないで、長瀞さん 2nd Attack,2023-01-07,TV,9
364822,关于邻家的天使大人不知不觉把我惯成了废人这档子事,お隣の天使様にいつの間にか駄目人間にされていた件,2023-01-07,TV,10
362335,古立特宇宙,グリッドマン ユニバース,2023-03-24,剧场版,6
394260,我心里危险的东西,僕の心のヤバイやつ,2023-04-01,TV,10
404804,天国大魔境,天国大魔境,2023-04-01,TV,10
357961,跃动青春,スキップとローファー,2023-04-04,TV,10
376703,偶像大师 灰姑娘女孩 U149,アイドルマスター シンデレラガールズ U149,2023-04-05,TV,10
387803,江户前精灵,江戸前エルフ,2023-04-07,TV,10
398943,女神咖啡厅,女神のカフェテラス,2023-04-07,TV,10
409088,演剧星世界,ワールドダイスター,2023-04-09,TV,7
377769,蓝色管弦乐,青のオーケストラ,2023-04-09,TV,10
365437,放学后失眠的你,君は放課後インソムニア,2023-04-10,TV,10
386809,【我推的孩子】,【推しの子】,2023-04-12,TV,10
402656,青春猪头少年不会梦到娇怜外出妹,青春ブタ野郎はおでかけシスターの夢を見ない,2023-06-23,剧场版,10
428735,,BanG Dream! It's MyGO!!!!!,2023-06-29,TV,9
425992,堀与宫村 -piece-,ホリミヤ -piece-,2023-07-01,TV,9
408351,满怀美梦的少年是现实主义者,夢見る男子は現実主義者,2023-07-03,TV,9
369304,咒术回战 怀玉･玉折 / 涩谷事变,呪術廻戦 懐玉・玉折／渋谷事変,2023-07-06,TV,10
390794,黑暗集会,ダークギャザリング,2023-07-09,TV,10
386195,特别篇 吹响吧！上低音号～合奏比赛～,特別編 響け！ユーフォニアム～アンサンブルコンテスト～,2023-08-04,剧场版,8
427233,五等分的新娘∽,五等分の花嫁∽,2023-09-02,TV,10
340167,爱丽丝和特蕾丝的幻影工厂,アリスとテレスのまぼろし工場,2023-09-15,剧场版,7
364252,极速车魂,MFゴースト,2023-09-30,TV,10
407332,赛马娘 Pretty Derby 第三季,ウマ娘 プリティーダービー Season 3,2023-10-04,TV,10
404115,星灵感应,星屑テレパス,2023-10-09,TV,10
432583,欢迎来到驹田蒸馏所,駒田蒸留所へようこそ,2023-11-10,剧场版,9
426239,青春猪头少年不会梦到红书包女孩,青春ブタ野郎はランドセルガールの夢を見ない,2023-12-01,剧场版,10
433729,邪神与厨二病少女【世纪末篇】,邪神ちゃんドロップキック【世紀末編】,2023-12-26,TV,8
437206,碰之道,ぽんのみち,2024-01-05,TV,10
441795,我心里危险的东西 第二季,僕の心のヤバイやつ 第2期,2024-01-06,TV,10
444334,指尖相触，恋恋不舍,ゆびさきと恋々,2024-01-06,TV,10
406119,北海道辣妹贼拉可爱,道産子ギャルはなまらめんこい,2024-01-08,TV,10
425605,电影 GIVEN 柊mix,映画 ギヴン 柊mix,2024-01-27,剧场版,6
448655,大室家 亲爱的姐妹们,大室家 dear sisters,2024-02-02,剧场版,10
484023,有故事的宇治,うじには物語がある,2024-03-09,其他,10
404809,末日列车去哪里？,終末トレインどこへいく？,2024-04-01,TV,10
444403,怪人的沙拉碗,変人のサラダボウル,2024-04-04,TV,10
405785,摇曳露营△ 第三季,ゆるキャン△ SEASON３,2024-04-04,TV,10
431767,少女乐队的呐喊,ガールズバンドクライ,2024-04-05,TV,10
425909,夜晚的水母不会游泳,夜のクラゲは泳げない,2024-04-06,TV,10
416777,蔚蓝档案 动画版,ブルーアーカイブ The Animation,2024-04-07,TV,10
283643,吹响吧！上低音号 第三季,響け！ユーフォニアム3,2024-04-07,TV,10
448478,失忆投捕,忘却バッテリー,2024-04-09,TV,10
429644,名侦探柯南：百万美元的五棱星,名探偵コナン 100万ドルの五稜星,2024-04-12,剧场版,10
469877,四重星,トラペジウム,2024-05-10,剧场版,10
495562,DDDD 恶魔的破坏,デッドデッドデーモンズデデデデデストラクション,2024-05-24,WEB,10
485154,我的鬼女孩,好きでも嫌いなあまのじゃく,2024-05-24,剧场版,5
476808,数分间的激励,数分間のエールを,2024-06-14,剧场版,6
448657,大室家 亲爱的朋友们,大室家 dear friends,2024-06-21,剧场版,10
500557,Code Geass 夺还的罗赛,コードギアス 奪還のロゼ,2024-06-21,WEB,8
480441,蓦然回首,ルックバック,2024-06-28,剧场版,10
443428,【我推的孩子】 第二季,【推しの子】 第2期,2024-07-03,TV,10
424883,不时轻声地以俄语遮羞的邻座艾莉同学,時々ボソッとロシア語でデレる隣のアーリャさん,2024-07-03,TV,9
393037,义妹生活,義妹生活,2024-07-04,TV,9
425988,前辈是男孩子,先輩はおとこのこ,2024-07-04,TV,10
428823,疑似后宫,疑似ハーレム,2024-07-04,TV,10
410346,2.5次元的诱惑,2.5次元の誘惑,2024-07-05,TV,10
424573,擅长逃跑的殿下,逃げ上手の若君,2024-07-06,TV,10
474906,小市民系列,小市民シリーズ,2024-07-06,TV,10
484761,鹿乃子乃子乃子虎视眈眈,しかのこのこのここしたんたん,2024-07-07,TV,10
464561,亦叶亦花,菜なれ花なれ,2024-07-07,TV,10
464376,败犬女主太多了！,負けヒロインが多すぎる！,2024-07-13,TV,10
397604,亚托莉 -我挚爱的时光-,ATRI -My Dear Moments-,2024-07-13,TV,10
409576,你的颜色,きみの色,2024-08-30,剧场版,10
442614,电影 Love Live! 虹咲学园校园偶像同好会 完结篇 第1章,映画 ラブライブ！虹ヶ咲学園スクールアイドル同好会 完結編 第1章,2024-09-06,剧场版,10
431370,缘结甘神家,甘神さんちの縁結び,2024-10-01,TV,10
467461,胆大党,ダンダダン,2024-10-03,TV,10
505895,悲喜渔生,ネガポジアングラー,2024-10-03,TV,10
460306,青之箱,アオのハコ,2024-10-03,TV,10
429305,听说你们要结婚！？,結婚するって、本当ですか,2024-10-03,TV,10
437532,常轨脱离Creative,ハミダシクリエイティブ,2024-10-03,TV,7
471839,女仆冥土小姐。,君は冥土様。,2024-10-05,TV,6
404480,Love Live! Superstar!! 第三季,ラブライブ！スーパースター!! 3期,2024-10-06,TV,10
485868,一起加油吧,がんばっていきまっしょい,2024-10-25,剧场版,10
492352,五等分的新娘＊,五等分の花嫁＊,2024-12-23,TV,5
1707,云之彼端，约定的地方,雲のむこう、約束の場所,2004-11-20,剧场版,10
234,,AIR,2005-01-06,TV,10
1529,伊里野的天空、UFO的夏天,イリヤの空、UFOの夏,2005-02-25,OVA,9
847,蜂蜜与四叶草,ハチミツとクローバー,2005-04-14,TV,7
488177,天久鹰央的推理病历表,天久鷹央の推理カルテ,2025-01-01,TV,10
454684,,BanG Dream! Ave Mujica,2025-01-02,TV,10
479788,一杆青空,空色ユーティリティ,2025-01-03,TV,10
501023,我和班上最讨厌的女生结婚了。,クラスの大嫌いな女子と結婚することになった。,2025-01-03,TV,6
430699,金牌得主,メダリスト,2025-01-04,TV,10
443930,在冲绳喜欢上的女孩方言讲得太过令人困扰,沖縄で好きになった子が方言すぎてツラすぎる,2025-01-04,TV,10
498934,群花绽放，彷如修罗,花は咲く、修羅の如く,2025-01-07,TV,10
482719,蜂蜜柠檬苏打,ハニーレモンソーダ,2025-01-08,TV,10
505776,世界计划 无法歌唱的初音未来,劇場版プロジェクトセカイ 壊れたセカイと歌えないミク,2025-01-17,剧场版,10
513018,小市民系列 第二季,小市民シリーズ 第2期,2025-04-05,TV,10
492881,真･武士传 剑勇传说,真･侍伝 YAIBA,2025-04-05,TV,10
509297,赛马娘 芦毛灰姑娘,ウマ娘 シンデレラグレイ,2025-04-06,TV,10
511207,前桥魔女,前橋ウィッチーズ,2025-04-06,TV,10
363957,夏日口袋,Summer Pockets,2025-04-07,TV,10
506922,测不准的阿波连同学 第二季,阿波連さんははかれない season2,2025-04-07,TV,6
437593,随兴旅-That's Journey-,ざつ旅-That's Journey-,2025-04-07,TV,10
509986,末日后酒店,アポカリプスホテル,2025-04-08,TV,6
531159,时光流逝，饭菜依旧美味,日々は過ぎれど飯うまし,2025-04-12,TV,10
485936,mono女孩,mono,2025-04-12,TV,10
489499,名侦探柯南 独眼的残像,名探偵コナン 隻眼の残像,2025-04-18,剧场版,10
558645,,星街すいせい(official) MUSIC VIDEO,2025-05-19,其他,9
527620,章鱼哔的原罪,タコピーの原罪,2025-06-28,WEB,10
484623,彻夜之歌 第二季,よふかしのうた Season 2,2025-07-04,TV,10
398951,更衣人偶坠入爱河 第二季,その着せ替え人形は恋をする Season 2,2025-07-05,TV,10
513345,薰香花朵凛然绽放,薫る花は凛と咲く,2025-07-05,TV,10
467930,青春猪头少年不会梦到圣诞服女郎,青春ブタ野郎はサンタクロースの夢を見ない,2025-07-05,TV,10
496086,光死去的夏天,光が死んだ夏,2025-07-05,TV,10
512190,琉璃的宝石,瑠璃の宝石,2025-07-06,TV,10
510256,与游戏中心的少女异文化交流的故事,ゲーセン少女と異文化交流,2025-07-06,TV,5
528438,明天，美食广场见。,フードコートで、また明日。,2025-07-07,TV,7
524707,我们不可能成为恋人！绝对不行。 (※似乎可行？),わたしが恋人になれるわけないじゃん、ムリムリ！（※ムリじゃなかった!?）,2025-07-07,TV,9
413567,保龄球少女！,Turkey!,2025-07-08,TV,10
470660,剧场版 链锯人 蕾塞篇,劇場版 チェンソーマン レゼ篇,2025-09-19,剧场版,6
566600,永远的黄昏,永久のユウグレ,2025-09-25,TV,9
520842,对我垂涎欲滴的非人少女,私を喰べたい、ひとでなし,2025-10-02,TV,10
543189,野原广志午餐流派,野原ひろし 昼メシの流儀,2025-10-03,TV,9
539395,末世二轮之旅,終末ツーリング,2025-10-04,TV,10
507634,弹珠汽水瓶里的千岁同学,千歳くんはラムネ瓶のなか,2025-10-07,TV,10
353181,佐贺偶像是传奇 梦想银河乐园,ゾンビランドサガ ゆめぎんがパラダイス,2025-10-24,剧场版,10
442615,电影 Love Live! 虹咲学园校园偶像同好会 完结篇 第2章,映画 ラブライブ！虹ヶ咲学園スクールアイドル同好会 完結編 第2章,2025-11-07,剧场版,10
